{"cameraMode":{"drawMode":0,"name":"Shaded","section":"Shading Mode"},"sceneLighting":true,"audioPlay":false,"sceneViewState":{"showFog":true,"showMaterialUpdate":false,"showSkybox":true,"showFlares":true,"showImageEffects":true,"showParticleSystems":true},"in2DMode":false,"pivot":{"x":2.8499550819396974,"y":-0.225325345993042,"z":-57.8691520690918},"rotation":{"x":0.002481018891558051,"y":-0.9940946102142334,"z":0.023269563913345338,"w":0.1059640496969223},"size":28.452096939086915,"orthographic":false}