{"cameraMode":{"drawMode":0,"name":"Shaded","section":"Shading Mode"},"sceneLighting":false,"audioPlay":false,"sceneViewState":{"showFog":true,"showMaterialUpdate":false,"showSkybox":false,"showFlares":true,"showImageEffects":true,"showParticleSystems":true},"in2DMode":false,"pivot":{"x":3.4246151447296144,"y":-0.03856391832232475,"z":-0.8512310981750488},"rotation":{"x":-0.015676045790314676,"y":-0.8696582317352295,"z":0.02767335996031761,"w":-0.4926287531852722},"size":6.897417068481445,"orthographic":false}