{"cameraMode":{"drawMode":0,"name":"Shaded","section":"Shading Mode"},"sceneLighting":false,"audioPlay":false,"sceneViewState":{"showFog":true,"showMaterialUpdate":false,"showSkybox":false,"showFlares":true,"showImageEffects":true,"showParticleSystems":true},"in2DMode":false,"pivot":{"x":-0.4880644381046295,"y":0.06335252523422241,"z":-3.1031556129455568},"rotation":{"x":-0.000918602803722024,"y":-0.9990461468696594,"z":0.03479110822081566,"w":-0.0263749398291111},"size":6.897417068481445,"orthographic":false}