{"cameraMode":{"drawMode":0,"name":"Shaded","section":"Shading Mode"},"sceneLighting":true,"audioPlay":false,"sceneViewState":{"showFog":true,"showMaterialUpdate":false,"showSkybox":true,"showFlares":true,"showImageEffects":true,"showParticleSystems":true},"in2DMode":false,"pivot":{"x":-0.6124089956283569,"y":4.324555397033691,"z":-24.097911834716798},"rotation":{"x":0.005565926898270845,"y":0.9895680546760559,"z":-0.13834378123283387,"w":0.03981293365359306},"size":8.377095222473145,"orthographic":false}