{"cameraMode":{"drawMode":0,"name":"Shaded","section":"Shading Mode"},"sceneLighting":true,"audioPlay":false,"sceneViewState":{"showFog":true,"showMaterialUpdate":false,"showSkybox":true,"showFlares":true,"showImageEffects":true,"showParticleSystems":true},"in2DMode":false,"pivot":{"x":-1.9616098403930665,"y":5.708837509155273,"z":7.341285705566406},"rotation":{"x":0.047073397785425189,"y":0.013182299211621285,"z":0.0006227332632988691,"w":-0.9988042712211609},"size":47.940975189208987,"orthographic":false}